{"cameraMode":{"drawMode":0,"name":"Shaded","section":"Shading Mode"},"sceneLighting":true,"audioPlay":false,"sceneViewState":{"m_AlwaysRefresh":false,"showFog":false,"showSkybox":true,"showFlares":true,"showImageEffects":true,"showParticleSystems":true,"showVisualEffectGraphs":true,"m_FxEnabled":true},"in2DMode":false,"pivot":{"x":-0.17136646807193757,"y":-1.064117670059204,"z":11.537842750549317},"rotation":{"x":-0.05308462679386139,"y":-0.005424949806183577,"z":0.00028671734617091715,"w":-0.998589277267456},"size":11.883277893066407,"orthographic":false}