{"cameraMode":{"drawMode":0,"name":"Shaded","section":"Shading Mode"},"sceneLighting":false,"audioPlay":false,"sceneViewState":{"m_AlwaysRefresh":false,"showFog":false,"showSkybox":false,"showFlares":false,"showImageEffects":false,"showParticleSystems":false,"showVisualEffectGraphs":true,"m_FxEnabled":true},"in2DMode":false,"pivot":{"x":-0.0031971633434295656,"y":0.7309541702270508,"z":0.044501662254333499},"rotation":{"x":-0.11573074758052826,"y":0.04524488002061844,"z":-0.005277067422866821,"w":-0.9922521710395813},"size":1.5278325080871583,"orthographic":false}